{
    "喜悦":0.09243697478991597,
    "积极":0.5462184873949579,
    "愤怒":0.2184873949579832,
    "伤感":0.03361344537815126,
    "焦虑":0.1092436974789916
}