{
    "喜悦":0.11699779249448124,
    "积极":0.5894039735099338,
    "愤怒":0.16335540838852097,
    "伤感":0.05518763796909492,
    "焦虑":0.07505518763796909
}