{
    "喜悦":0.11258741258741259,
    "积极":0.5573426573426573,
    "愤怒":0.18041958041958042,
    "伤感":0.06363636363636363,
    "焦虑":0.08601398601398601
}