{
    "喜悦":0.14583333333333334,
    "积极":0.5833333333333334,
    "愤怒":0.15625,
    "伤感":0.052083333333333336,
    "焦虑":0.0625
}