{
    "喜悦":0.11001410437235543,
    "积极":0.44428772919605075,
    "愤怒":0.24753173483779972,
    "伤感":0.07545839210155147,
    "焦虑":0.1227080394922426
}