{
    "喜悦":0.10481064483111566,
    "积极":0.4499488229273286,
    "愤怒":0.2925281473899693,
    "伤感":0.08618219037871033,
    "焦虑":0.06653019447287616
}