{
    "喜悦":0.1290173562990827,
    "积极":0.461690754306078,
    "愤怒":0.26667986537319344,
    "伤感":0.0667194614927737,
    "焦虑":0.07589256252887217
}