{
    "喜悦":0.11475409836065574,
    "积极":0.45286885245901637,
    "愤怒":0.3104508196721312,
    "伤感":0.06557377049180328,
    "焦虑":0.05635245901639344
}